-- ============================================================
-- FarmKart Database Management System
-- DML: Seed / Sample Data Insertion Script
-- Version: 1.0
-- Run AFTER: 01_create_tables.sql
-- ============================================================

-- ============================================================
-- 1. CUSTOMERS
-- ============================================================
INSERT INTO Customer (CustomerID, CFirstName, CLastName) VALUES
(1,  'Allen',     'Abel'),
(2,  'Sundar',    'Ande'),
(3,  'Mozhe',     'Atkinson'),
(4,  'David',     'Austin'),
(5,  'Hermann',   'Baer'),
(6,  'Shelli',    'Baida'),
(7,  'Amit',      'Banda'),
(8,  'Elizabeth', 'Bates'),
(9,  'Sarah',     'Bell'),
(10, 'David',     'Bernstein'),
(11, 'Laura',     'Bissot'),
(12, 'Harrison',  'Bloom'),
(13, 'Alexis',    'Bull'),
(14, 'Anthony',   'Cabrio'),
(15, 'Gerald',    'Cambrault'),
(16, 'Nanette',   'Cambrault'),
(17, 'John',      'Chen'),
(18, 'Kelly',     'Chung'),
(19, 'Karen',     'Colmenares'),
(20, 'Curtis',    'Davies'),
(21, 'Lex',       'De Haan'),
(22, 'Julia',     'Dellinger'),
(23, 'Jennifer',  'Dilly'),
(24, 'Louise',    'Doran'),
(25, 'Bruce',     'Ernst'),
(26, 'Alberto',   'Errazuriz'),
(27, 'Britney',   'Everett'),
(28, 'Daniel',    'Faviet'),
(29, 'Pat',       'Fay'),
(30, 'Kevin',     'Feeney');

-- ============================================================
-- 2. CUSTOMER ADDRESSES
-- ============================================================
INSERT INTO CustomerAddress (CAddressID, CustomerID, CustomerAddress, City, Zip, State) VALUES
(1,  1,  '197 Madison St',             'Buffalo', '14201', 'New York'),
(2,  2,  '106 Wallace Ave',            'Buffalo', '14202', 'New York'),
(3,  3,  '102 Sunset St',              'Buffalo', '14203', 'New York'),
(4,  4,  '81 Mills St',                'Buffalo', '14204', 'New York'),
(5,  5,  '141 Bush St',                'Buffalo', '14205', 'New York'),
(6,  6,  'Murtenstrasse 921',          'Buffalo', '14206', 'New York'),
(7,  7,  'Schwanthalerstr. 7031',      'Buffalo', '14207', 'New York'),
(8,  8,  '2011 Interiors Blvd',        'Buffalo', '14208', 'New York'),
(9,  9,  'Mariano Escobedo 9991',      'Buffalo', '14209', 'New York'),
(10, 10, '20 Rue des Corps-Saints',    'Buffalo', '14210', 'New York'),
(11, 11, '1298 Vileparle (E)',         'Buffalo', '14211', 'New York'),
(12, 12, '9702 Chester Road',          'Buffalo', '14212', 'New York'),
(13, 13, '2007 Zagora St',             'Buffalo', '14213', 'New York'),
(14, 14, '12-98 Victoria Street',      'Buffalo', '14214', 'New York'),
(15, 15, '147 Spadina Ave',            'Buffalo', '14215', 'New York'),
(16, 16, 'Magdalen Centre, Oxford Science Park', 'Buffalo', '14216', 'New York'),
(17, 17, 'Rua Frei Caneca 1360',       'Buffalo', '14217', 'New York'),
(18, 18, '2014 Jabberwocky Rd',        'Buffalo', '14218', 'New York'),
(19, 19, '2017 Shinjuku-ku',           'Buffalo', '14219', 'New York'),
(20, 20, 'Pieter Breughelstraat 837',  'Buffalo', '14220', 'New York'),
(21, 21, '2004 Charade Rd',            'Buffalo', '14221', 'New York'),
(22, 22, '6092 Boxwood St',            'Buffalo', '14222', 'New York'),
(23, 23, '197 Madison St',             'Buffalo', '14223', 'New York'),
(24, 24, '106 Wallace Ave',            'Buffalo', '14224', 'New York'),
(25, 25, '102 Sunset St',              'Buffalo', '14225', 'New York'),
(26, 26, '81 Mills St',                'Buffalo', '14226', 'New York'),
(27, 27, '141 Bush St',                'Buffalo', '14227', 'New York'),
(28, 28, '147 Spadina Ave',            'Buffalo', '14228', 'New York'),
(29, 29, 'Magdalen Centre, Oxford Science Park', 'Buffalo', '14229', 'New York'),
(30, 30, 'Rua Frei Caneca 1360',       'Buffalo', '14230', 'New York');

-- ============================================================
-- 3. CUSTOMER CONTACTS
-- ============================================================
INSERT INTO CustomerContact (CustomerID, CContactID, Email, Phone) VALUES
(1,  1,  'fbotsford@yahoo.com',              '716-240-9550'),
(2,  2,  'dietrich.helmer@ritchie.com',      '716-780-9525'),
(3,  3,  'ferry.broderick@gmail.com',        '716-440-9001'),
(4,  4,  'adella.howell@yahoo.com',          '716-220-2546'),
(5,  5,  'keaton48@gmail.com',               '716-240-9777'),
(6,  6,  'vkerluke@schumm.biz',              '716-248-2733'),
(7,  7,  'alexie90@crist.biz',               '716-248-2733'),
(8,  8,  'fahey.rebeka@yahoo.com',           '716-311-8495'),
(9,  9,  'harris.mckenzie@littel.com',       '716-371-8496'),
(10, 10, 'gusikowski.suzanne@hotmail.com',   '716-854-8615'),
(11, 11, 'kole.beier@yahoo.com',             '716-894-1759'),
(12, 12, 'wilkinson.kyra@hotmail.com',       '716-464-3393'),
(13, 13, 'okon.milan@gmail.com',             '716-240-1234'),
(14, 14, 'smccullough@hotmail.com',          '716-567-9807'),
(15, 15, 'maurice66@gmail.com',              '716-300-8954'),
(16, 16, 'mosciski.elbert@gmail.com',        '716-234-0954'),
(17, 17, 'iconroy@murazik.com',              '716-347-9081'),
(18, 18, 'hilario58@cremin.org',             '716-567-9024'),
(19, 19, 'ylesch@gmail.com',                 '716-434-8959'),
(20, 20, 'mauricio88@kuhn.net',              '716-849-9900'),
(21, 21, 'hegmann.lucius@grimes.info',       '716-456-9872'),
(22, 22, 'sammy10@rice.biz',                 '716-340-9812'),
(23, 23, 'weimann.florida@shanahan.com',     '716-543-6782'),
(24, 24, 'ummings.jarret@robel.biz',         '716-402-7482'),
(25, 25, 'agrimes@deckow.com',               '716-892-0462'),
(26, 26, 'willa94@hotmail.com',              '716-302-0912'),
(27, 27, 'omari05@bauch.com',                '716-953-1235'),
(28, 28, 'flang@parisian.com',               '716-386-4389'),
(29, 29, 'bergstrom@hotmail.com',            '716-328-9103'),
(30, 30, 'tyshawn36@hotmail.com',            '716-238-0237');

-- ============================================================
-- 4. JOBS
-- ============================================================
INSERT INTO Job (JobID, JobDesc, Salary) VALUES
(1,  'Driver',                 27098.00),
(2,  'Marketing Manager',      40433.00),
(3,  'Senior Developer',       47528.00),
(4,  'Accountant',             33316.00),
(5,  'Human Resources',        27614.00),
(6,  'Sales Manager',          48673.00),
(7,  'Transportation Manager', 34732.00),
(8,  'Vice President',         60000.00),
(9,  'Recruiter',              39161.00),
(10, 'President',              80000.00);

-- ============================================================
-- 5. EMPLOYEES
-- ============================================================
INSERT INTO Employees (EmployeeID, JobID, EFirstName, ELastName, ManagerID, HireDate) VALUES
(5,  1,  'Joell',       'Insole',    16, '2020-11-21'),
(6,  2,  'Olande',      'Northing',  5,  '2021-02-17'),
(7,  3,  'Lindi',       'Portman',   6,  '2020-10-14'),
(8,  4,  'Jamaal',      'Berndt',    7,  '2020-12-21'),
(9,  5,  'Carmencita',  'Dennis',    8,  '2020-11-19'),
(10, 6,  'Allie',       'Ganderton', 9,  '2020-09-28'),
(13, 9,  'Ali',         'Yannoni',   10, '2020-11-16'),
(15, 8,  'Aurea',       'Wightman',  13, '2020-11-13'),
(16, 7,  'Katherina',   'Petrello',  15, '2021-01-13'),
(18, 1,  'Ingelbert',   'Ivanov',    16, '2021-03-11'),
(19, 10, 'Sherrie',     'Brankley',  18, '2020-06-18'),
(22, 2,  'Jacki',       'Mitchell',  19, '2020-11-26'),
(23, 3,  'Danielle',    'Pevreal',   2,  '2021-02-27'),
(24, 1,  'Roda',        'Schwieso',  16, '2021-04-17'),
(25, 5,  'Hertha',      'Eastwood',  24, '2020-10-04');

-- ============================================================
-- 6. JOB HISTORY
-- ============================================================
INSERT INTO JobHistory (HistoryID, EmployeeID, JobID, StartDate, EndDate) VALUES
(1,  1,  1,  '2020-09-22', '2021-04-19'),
(2,  2,  2,  '2020-07-13', '2021-03-21'),
(3,  3,  3,  '2021-03-23', '2021-01-24'),
(4,  4,  14, '2021-01-10', '2021-03-26'),
(5,  11, 5,  '2020-05-13', '2021-03-01'),
(6,  12, 6,  '2021-02-20', '2021-04-22'),
(7,  17, 7,  '2020-09-12', '2020-05-07'),
(8,  20, 8,  '2020-11-24', '2020-09-21'),
(9,  21, 9,  '2021-01-30', '2021-02-02'),
(10, 14, 10, '2021-03-18', '2020-06-23');

-- ============================================================
-- 7. EMPLOYEE ADDRESSES
-- ============================================================
INSERT INTO Employee_Address (EAddress_ID, EmployeeID, Employee_Address, Employee_City, Employee_ZIP, Employee_State) VALUES
(1,  5,  '1 Elm Street',            'Buffalo',       '14201', 'NY'),
(2,  6,  '70759 North French Road', 'Amherst',       '14226', 'NY'),
(3,  7,  '926 Boca Place',          'East Amherst',  '14051', 'NY'),
(4,  8,  '79 Clemons Road',         'Clarence',      '14001', 'NY'),
(5,  9,  '1591 Rusk Park',          'Williamsville', '14221', 'NY'),
(6,  10, '31013 Hazelcrest Road',   'Amherst',       '14226', 'NY'),
(7,  13, '5752 Lake View Road',     'Amherst',       '14226', 'NY'),
(8,  15, '3178 Dockside Drive',     'Amherst',       '14226', 'NY'),
(9,  16, '521 Sheridan Place',      'Hamburg',       '14075', 'NY'),
(10, 18, '50 Rigney Terrace',       'Amherst',       '14226', 'NY'),
(11, 19, '28 Olympic Ave',          'Amherst',       '14226', 'NY'),
(12, 22, '305 Duncan Ave',          'Amherst',       '14226', 'NY'),
(13, 23, '307 North St #172',       'Amherst',       '14226', 'NY'),
(14, 24, '218 Gene',                'Hamburg',       '14075', 'NY'),
(15, 25, '2935 Buffalo W Springs Hwy', 'Amherst',    '14226', 'NY');

-- ============================================================
-- 8. EMPLOYEE CONTACTS
-- ============================================================
INSERT INTO Employee_Contact (EContact_ID, EmployeeID, Employee_Email, Employee_Phone) VALUES
(1,  5,  'joellinsole@gmail.com',       '716-349-5292'),
(2,  6,  'eolandenorthing@gmail.com',   '716-214-7104'),
(3,  7,  'lindiportman@uol.com',        '716-790-0093'),
(4,  8,  'jamaalberndt@gmail.com',      '719-971-8868'),
(5,  9,  'carmencitadennis@msn.com',    '716-741-7722'),
(6,  10, 'allieganderton@gmail.com',    '716-921-6388'),
(7,  13, 'aliyannoni@gmail.com',        '433-644-0835'),
(8,  15, 'aureawightman@gmail.com',     '716-871-5149'),
(9,  16, 'katherinapetrello@gmail.com', '716-203-6247'),
(10, 18, 'ingelbertivanov@gmail.com',   '204-148-8811'),
(11, 19, 'sherriebrankley@gmail.com',   '716-921-6388'),
(12, 22, 'jackimitchell@gmail.com',     '433-644-0835'),
(13, 23, 'daniellepevreal@gmail.com',   '716-871-5149'),
(14, 24, 'rodaschwieso@gmail.com',      '716-203-6247'),
(15, 25, 'herthaeastwood@gmail.com',    '204-148-8811');

-- ============================================================
-- 9. LOCATIONS
-- ============================================================
INSERT INTO Location (LocationID, LocationDesc) VALUES
(1001, 'East Amherst'),
(1002, 'Amherst'),
(1003, 'Clarence'),
(1004, 'Williamsville'),
(1005, 'Lockport'),
(1006, 'Hamburg'),
(1007, 'Orchard Park'),
(1008, 'Cheektowaga');

-- ============================================================
-- 10. VEHICLES
-- ============================================================
INSERT INTO Vehicle (VehicleID, VehicleType, Registration, ServiceDue, LeaseStartDate, LeaseEndDate, Availability) VALUES
(1,  'Ford Transit Full-Size Van',       '9055441508', '2022-10-05', '2020-10-12', '2024-10-05', 'T'),
(2,  'Volkswagen Westfalia Bus',         '7852697423', '2022-03-15', '2020-12-17', '2024-10-12', 'F'),
(3,  'Ford F-450 Cutaway',              '2227098415', '2022-06-27', '2021-04-03', '2025-09-25', 'T'),
(4,  'Freightliner Sprinter Crew Van',  '2594325130', '2022-10-09', '2020-10-10', '2025-05-25', 'F'),
(5,  'Ford Transit Full-Size Van',       '2041792466', '2022-02-28', '2020-10-16', '2025-08-04', 'T'),
(6,  'Ford Transit Full-Size Van',       '9692176674', '2022-05-02', '2020-11-15', '2024-06-09', 'F'),
(7,  'Ford Transit Full-Size Van',       '6297105687', '2021-12-03', '2020-10-02', '2025-04-30', 'T'),
(8,  'Freightliner Sprinter Crew Van',  '6465667831', '2022-02-27', '2020-11-01', '2024-08-04', 'T'),
(9,  'Freightliner Sprinter Crew Van',  '9142307371', '2022-07-09', '2020-11-14', '2025-12-05', 'T'),
(10, 'Freightliner Sprinter Crew Van',  '7172520061', '2022-05-24', '2021-01-05', '2026-01-11', 'F');

-- ============================================================
-- 11. PAYMENT TYPES
-- ============================================================
INSERT INTO Payment (PaymentID, PaymentType) VALUES
(1, 'Credit Card'),
(2, 'Debit Card'),
(3, 'Apple Pay'),
(4, 'Google Pay'),
(5, 'Samsung Pay'),
(6, 'PayPal'),
(7, 'Zelle'),
(8, 'Venmo');

-- ============================================================
-- 12. VENDORS
-- ============================================================
INSERT INTO Vendor (VendorID, Vendor_Name, Vendor_Address, Vendor_City, Vendor_State, Vendor_ZIP, Vendor_Country) VALUES
(1,  'Buffalo State Farm', '36 North Rally Drive', 'Buffalo', 'NY', '14226', 'US'),
(2,  'New Fresh Estate',   '168 Callodine Ave',    'Buffalo', 'NY', '13089', 'US'),
(3,  'Fresh Mart',         '151 Springville Ave',  'Buffalo', 'NY', '15609', 'US'),
(4,  'Farm Kart',          '97 Englewood Ave',     'Buffalo', 'NY', '15610', 'US'),
(5,  'New Produce',        '77 Tenneson Drive',    'Buffalo', 'NY', '15611', 'US'),
(6,  'Farmers Market',     '30 Wallstreet Ave',    'Buffalo', 'NY', '15612', 'US'),
(7,  'Zelly''s Farm',      '197 Heath Street',     'Buffalo', 'NY', '15613', 'US'),
(8,  'Farmer''s Home',     '210 Mary Drive',       'Buffalo', 'NY', '15614', 'US'),
(9,  'FreshFruits',        '90 Merrimac Street',   'Buffalo', 'NY', '15615', 'US'),
(10, 'Grocery Mart',       '23 Montrose Ave',      'Buffalo', 'NY', '16616', 'US');

-- ============================================================
-- 13. PRODUCT CATEGORIES
-- ============================================================
INSERT INTO ProductCategory (PCategoryID, Category) VALUES
(1, 'Fruits'),
(2, 'Vegetables'),
(3, 'Foodgrains'),
(4, 'Dairy'),
(5, 'Beverages'),
(6, 'Eggs'),
(7, 'Meat'),
(8, 'Fish');

-- ============================================================
-- 14. PRODUCTS
-- ============================================================
INSERT INTO Products (ProductID, Description, ProductCost, PCategoryID) VALUES
-- Fruits (1)
(1,  'Apples',              2.00,  1),
(2,  'Grapes',              3.00,  1),
(3,  'Strawberries',        3.00,  1),
(4,  'Mangoes',             6.00,  1),
-- Vegetables (2)
(5,  'Cucumbers',           2.00,  2),
(6,  'Tomatoes',            2.00,  2),
(7,  'Eggplant',            3.00,  2),
(8,  'Raddish',             1.00,  2),
(9,  'Carrot',              2.00,  2),
(10, 'Pickles',             3.00,  2),
(11, 'Cabbage',             2.00,  2),
(12, 'Cauliflower',         2.00,  2),
(13, 'Mushrooms',           3.00,  2),
(14, 'Onions',              1.50,  2),
(15, 'Potatoes',            1.99,  2),
-- Foodgrains (3)
(16, 'Rice',                8.00,  3),
(17, 'Wheat',               5.00,  3),
-- Dairy (4)
(18, 'Milk',                1.25,  4),
(19, 'Butter',              2.25,  4),
(20, 'Cheese',              2.80,  4),
(21, 'Yoghurt',             3.00,  4),
-- Beverages (5)
(22, 'Tea',                 3.40,  5),
(23, 'Coffee',              4.80,  5),
-- Eggs (6)
(24, 'Brown Eggs',          1.99,  6),
(25, 'Eggs',                1.40,  6),
-- Meat (7)
(26, 'Chicken Breast',      5.50,  7),
(27, 'Chicken Drumsticks',  4.80,  7),
(28, 'Chicken Wings',       4.50,  7),
(29, 'Beef',                7.00,  7),
(30, 'Pork',               12.45,  7),
-- Fish (8)
(31, 'Salmon',              7.85,  8),
(32, 'Shrimps',             6.35,  8),
(33, 'Crabs',              11.10,  8),
(34, 'Lobsters',           12.10,  8);

-- ============================================================
-- 15. TIMETABLE (Vehicle / Location / Employee Schedule)
-- ============================================================
INSERT INTO TimeTable (TTID, VehicleID, LocationID, TTDate, TTTime, EmployeeID) VALUES
(1,  1,  1001, '2021-03-01', '2021-03-01 09:00:00', 5),
(2,  2,  1002, '2021-03-01', '2021-03-01 16:00:00', 5),
(3,  3,  1003, '2021-03-02', '2021-03-02 09:00:00', 5),
(4,  4,  1004, '2021-03-02', '2021-03-02 16:00:00', 24),
(5,  5,  1005, '2021-03-03', '2021-03-03 09:00:00', 24),
(6,  6,  1006, '2021-03-03', '2021-03-03 16:00:00', 24),
(7,  7,  1007, '2021-03-04', '2021-03-04 09:00:00', 5),
(8,  8,  1008, '2021-03-04', '2021-03-04 16:00:00', 24),
(9,  9,  1001, '2021-03-05', '2021-03-05 09:00:00', 24),
(10, 10, 1002, '2021-03-05', '2021-03-05 16:00:00', 24),
(11, 1,  1003, '2021-03-06', '2021-03-06 09:00:00', 24),
(12, 2,  1004, '2021-03-06', '2021-03-06 16:00:00', 24),
(13, 3,  1005, '2021-03-07', '2021-03-07 09:00:00', 5),
(14, 5,  1006, '2021-03-07', '2021-03-07 16:00:00', 24),
(15, 8,  1007, '2021-03-08', '2021-03-08 09:00:00', 5),
(16, 4,  1008, '2021-03-08', '2021-03-08 16:00:00', 24);

-- ============================================================
-- 16. WAREHOUSE EMPLOYEE DETAILS
-- ============================================================
INSERT INTO WarehouseEmployeeDetails (WEMPID, WarehouseID, EmployeeID, StartDate, EndDate) VALUES
(1,  1, 1,  '2020-03-02', NULL),
(2,  1, 2,  '2020-04-04', '2020-06-10'),
(3,  1, 3,  '2020-06-04', NULL),
(4,  2, 4,  '2020-07-07', NULL),
(5,  2, 2,  '2020-10-15', NULL),
(6,  2, 6,  '2020-04-04', '2020-08-12'),
(7,  3, 7,  '2020-05-22', NULL),
(8,  3, 8,  '2020-04-26', NULL),
(9,  3, 9,  '2020-09-15', NULL),
(10, 3, 10, '2020-11-14', NULL),
(11, 4, 11, '2020-06-09', '2020-09-23'),
(12, 4, 12, '2020-04-06', NULL),
(13, 4, 13, '2020-04-07', '2020-12-31'),
(14, 5, 14, '2020-07-08', NULL),
(15, 5, 15, '2020-12-09', NULL),
(16, 5, 11, '2020-10-12', NULL);

-- ============================================================
-- 17. CUSTOMER ORDERS
-- ============================================================
INSERT INTO Orders (OrderID, OrderDate, OrderTime, CustomerID, VehicleID, PaymentID, LocationID, OrderTotal) VALUES
(1,  '2021-03-20', '2021-03-20 09:10:00', 1,  1,  1, 1001,  8.00),
(2,  '2021-03-21', '2021-03-21 10:10:00', 2,  2,  2, 1002, 19.00),
(3,  '2021-03-22', '2021-03-22 11:10:00', 3,  3,  3, 1003,  8.00),
(4,  '2021-03-23', '2021-03-23 12:10:00', 4,  4,  4, 1004,  3.00),
(5,  '2021-03-24', '2021-03-24 13:10:00', 5,  5,  2, 1005, 19.00),
(6,  '2021-03-25', '2021-03-25 14:10:00', 6,  6,  3, 1006,  3.00),
(7,  '2021-03-26', '2021-03-26 15:10:00', 7,  7,  7, 1007, 18.00),
(8,  '2021-03-27', '2021-03-27 16:10:00', 8,  8,  8, 1008, 18.00),
(9,  '2021-03-28', '2021-03-28 17:10:00', 9,  9,  2, 1001, 19.00),
(10, '2021-03-29', '2021-03-29 18:10:00', 10, 10, 1, 1002,  3.00),
(11, '2021-03-30', '2021-03-30 14:10:00', 11, 1,  2, 1003, 12.00),
(12, '2021-03-31', '2021-03-31 15:10:00', 12, 2,  3, 1004, 10.00),
(13, '2021-04-01', '2021-04-01 16:10:00', 13, 3,  4, 1005,  6.00),
(14, '2021-04-02', '2021-04-02 17:10:00', 14, 4,  5, 1006, 21.95),
(15, '2021-04-03', '2021-04-03 18:10:00', 15, 5,  6, 1007, 48.00),
(16, '2021-04-04', '2021-04-04 19:10:00', 16, 6,  2, 1008, 10.00),
(17, '2021-04-05', '2021-04-05 11:10:00', 17, 7,  3, 1001,  3.75),
(18, '2021-04-06', '2021-04-06 12:10:00', 18, 8,  7, 1002,  9.00),
(19, '2021-04-07', '2021-04-07 13:10:00', 19, 9,  8, 1003,  6.00),
(20, '2021-04-08', '2021-04-08 14:10:00', 20, 10, 7, 1004,  2.00),
(21, '2021-04-09', '2021-04-09 15:10:00', 21, 1,  8, 1005,  9.00),
(22, '2021-04-10', '2021-04-10 13:10:00', 22, 2,  5, 1006, 46.95),
(23, '2021-04-11', '2021-04-11 14:10:00', 23, 3,  6, 1007,  2.50),
(24, '2021-04-12', '2021-04-12 15:10:00', 24, 4,  2, 1008,  4.50),
(25, '2021-04-13', '2021-04-13 14:10:00', 25, 5,  3, 1001, 11.20),
(26, '2021-04-14', '2021-04-14 15:10:00', 26, 6,  5, 1002,  6.00),
(27, '2021-04-15', '2021-04-15 16:10:00', 27, 7,  6, 1003,  6.80),
(28, '2021-04-16', '2021-04-16 13:10:00', 28, 8,  2, 1004, 13.00),
(29, '2021-04-17', '2021-04-17 14:10:00', 29, 9,  3, 1005, 16.00),
(30, '2021-04-18', '2021-04-18 15:10:00', 30, 10, 7, 1006, 21.50);

-- ============================================================
-- 18. ORDER ITEMS
-- ============================================================
INSERT INTO OrderItems (OrderID, ItemID, ProductID, Quantity, LineItemTotal) VALUES
(1,  1, 1,  1, 2.00),
(1,  2, 2,  2, 6.00),
(2,  1, 4,  1, 6.00),
(2,  2, 5,  2, 4.00),
(2,  3, 2,  3, 9.00),
(3,  1, 6,  4, 8.00),
(4,  1, 7,  1, 3.00),
(5,  1, 8,  2, 2.00),
(5,  2, 9,  3, 6.00),
(5,  3, 10, 3, 9.00),
(5,  4, 1,  2, 2.00),
(6,  1, 2,  1, 3.00),
(7,  1, 3,  6, 18.00),
(8,  1, 4,  3, 18.00),
(9,  1, 5,  1, 2.00),
(9,  2, 6,  4, 8.00),
(9,  3, 7,  2, 6.00),
(9,  4, 8,  3, 3.00),
(10, 1, 9,  1, 3.00),
(11, 1, 10, 4, 12.00),
(12, 1, 11, 5, 10.00),
(13, 1, 12, 3, 6.00),
(14, 1, 13, 2, 6.00),
(14, 2, 14, 4, 6.00),
(14, 3, 15, 5, 9.95),
(15, 1, 16, 6, 48.00),
(16, 1, 17, 2, 10.00),
(17, 1, 18, 3, 3.75),
(18, 1, 19, 4, 9.00),
(19, 1, 11, 2, 6.00),
(20, 1, 12, 1, 2.00),
(21, 1, 13, 3, 9.00),
(22, 1, 14, 2, 3.00),
(22, 2, 15, 5, 9.95),
(22, 3, 16, 3, 24.00),
(22, 4, 17, 2, 10.00),
(23, 1, 18, 2, 2.50),
(24, 1, 19, 2, 4.50),
(25, 1, 20, 4, 11.20),
(26, 1, 21, 2, 6.00),
(27, 1, 22, 2, 6.80),
(28, 1, 16, 1, 8.00),
(28, 2, 17, 1, 5.00),
(29, 1, 16, 2, 16.00),
(30, 1, 17, 2, 10.00),
(30, 2, 18, 2, 2.50),
(30, 3, 19, 4, 9.00);

-- ============================================================
-- 19. VENDOR ORDERS
-- ============================================================
INSERT INTO VOrder (VOrderID, VendorID, VOrderDate, VOrderTime, PaymentID, VOrderTotal) VALUES
(1,  1,  '2021-03-19', '2021-03-19 09:10:00', 1,    200.00),
(2,  2,  '2021-03-20', '2021-03-20 10:10:00', 2,    300.00),
(3,  3,  '2021-03-21', '2021-03-21 11:10:00', 3,    300.00),
(4,  4,  '2021-03-22', '2021-03-22 12:10:00', 4,    180.00),
(5,  5,  '2021-03-23', '2021-03-23 13:10:00', 2,    200.00),
(6,  6,  '2021-03-24', '2021-03-24 14:10:00', 3,    600.00),
(7,  7,  '2021-03-25', '2021-03-25 15:10:00', 7,    300.00),
(8,  8,  '2021-03-26', '2021-03-26 16:10:00', 8,    100.00),
(9,  9,  '2021-03-27', '2021-03-27 17:10:00', 2,    200.00),
(10, 10, '2021-03-28', '2021-03-28 18:10:00', 1,    300.00),
(11, 1,  '2021-03-29', '2021-03-29 14:10:00', 2,    200.00),
(12, 2,  '2021-03-30', '2021-03-30 15:10:00', 3,    200.00),
(13, 3,  '2021-03-31', '2021-03-31 16:10:00', 4,    300.00),
(14, 4,  '2021-04-01', '2021-04-01 17:10:00', 5,    900.00),
(15, 5,  '2021-04-02', '2021-04-02 18:10:00', 6,   1194.00),
(16, 6,  '2021-04-03', '2021-04-03 19:10:00', 2,    400.00),
(17, 7,  '2021-04-04', '2021-04-04 11:10:00', 3,    250.00),
(18, 8,  '2021-04-05', '2021-04-05 12:10:00', 7,   1250.00),
(19, 9,  '2021-04-06', '2021-04-06 13:10:00', 8,    450.00),
(20, 10, '2021-04-07', '2021-04-07 14:10:00', 7,    560.00),
(21, 1,  '2021-04-08', '2021-04-08 15:10:00', 8,   1200.00),
(22, 2,  '2021-04-09', '2021-04-09 13:10:00', 5,    340.00),
(23, 3,  '2021-04-10', '2021-04-10 14:10:00', 6,    480.00),
(24, 4,  '2021-04-11', '2021-04-11 15:10:00', 2,   1393.00),
(25, 5,  '2021-04-12', '2021-04-12 14:10:00', NULL, 1400.00),
(26, 6,  '2021-04-13', '2021-04-13 15:10:00', NULL,    0.00),
(27, 7,  '2021-04-14', '2021-04-14 16:10:00', NULL,    0.00),
(28, 8,  '2021-04-15', '2021-04-15 13:10:00', NULL,    0.00),
(29, 9,  '2021-04-16', '2021-04-16 14:10:00', NULL,    0.00),
(30, 10, '2021-04-17', '2021-04-17 15:10:00', NULL,    0.00);

-- ============================================================
-- 20. VENDOR ORDER ITEMS
-- ============================================================
INSERT INTO VOrderItems (VOrderID, VItemID, ProductID, VQuantity, VLineItemTotal) VALUES
(1,  1, 1,  100,  200.00),
(2,  1, 2,  100,  300.00),
(3,  1, 3,  100,  300.00),
(4,  1, 4,  30,   180.00),
(5,  1, 5,  100,  200.00),
(6,  1, 6,  300,  600.00),
(7,  1, 7,  100,  300.00),
(8,  1, 8,  100,  100.00),
(9,  1, 9,  100,  200.00),
(10, 1, 10, 100,  300.00),
(11, 1, 11, 100,  200.00),
(12, 1, 12, 100,  200.00),
(13, 1, 13, 100,  300.00),
(14, 1, 14, 600,  900.00),
(15, 1, 15, 600, 1194.00),
(16, 1, 16, 50,   400.00),
(17, 1, 17, 50,   250.00),
(18, 1, 18, 1000, 1250.00),
(19, 1, 19, 200,  450.00),
(20, 1, 20, 200,  560.00),
(21, 1, 21, 400, 1200.00),
(22, 1, 22, 100,  340.00),
(23, 1, 23, 100,  480.00),
(24, 1, 24, 700, 1393.00),
(25, 1, 25, 1000,1400.00),
(26, 1, 1,  100,    0.00),
(27, 1, 2,  100,    0.00),
(28, 1, 3,  100,    0.00),
(29, 1, 4,  30,     0.00),
(30, 1, 5,  100,    0.00);

-- ============================================================
-- 21. WAREHOUSE
-- ============================================================
INSERT INTO Warehouse (WarehouseID, ProductID, VOrderID, Quantity, OutOfStock) VALUES
(1, 1,  1,  5,  'Y'),
(1, 11, 2,  10, 'Y'),
(1, 3,  2,  15, 'Y'),
(1, 2,  3,  20, 'Y'),
(1, 5,  3,  40, 'Y'),
(1, 7,  4,  10, 'Y'),
(1, 7,  5,  5,  'Y'),
(1, 17, 5,  5,  'Y'),
(1, 16, 5,  5,  'Y'),
(1, 4,  6,  5,  'Y'),
(2, 2,  7,  5,  'Y'),
(2, 6,  8,  15, 'Y'),
(2, 10, 9,  15, 'Y'),
(2, 18, 9,  15, 'Y'),
(2, 7,  9,  15, 'Y'),
(2, 4,  9,  15, 'N'),
(2, 4,  10, 15, 'Y'),
(2, 12, 11, 25, 'N'),
(3, 4,  12, 10, 'Y'),
(3, 19, 13, 40, 'Y'),
(3, 18, 13, 20, 'Y'),
(3, 4,  14, 80, 'Y'),
(3, 1,  15, 15, 'Y'),
(3, 2,  15, 15, 'Y'),
(3, 3,  15, 15, 'Y'),
(3, 13, 15, 15, 'Y'),
(3, 15, 15, 15, 'Y'),
(3, 17, 15, 15, 'Y'),
(4, 25, 16, 20, 'Y'),
(4, 22, 16, 20, 'Y'),
(4, 28, 17, 10, 'Y'),
(5, 30, 18, 45, 'Y'),
(5, 33, 19, 10, 'Y'),
(1, 9,  20, 40, 'Y'),
(1, 12, 21, 10, 'Y'),
(1, 14, 22, 15, 'Y'),
(1, 19, 23, 20, 'Y'),
(1, 22, 24, 25, 'Y'),
(1, 16, 24, 25, 'Y'),
(1, 14, 25, 10, 'N'),
(2, 22, 26, 30, 'Y'),
(2, 19, 27, 45, 'Y'),
(2, 12, 28, 40, 'Y'),
(2, 34, 29, 25, 'N'),
(5, 17, 30, 10, 'Y'),
(5, 18, 30, 10, 'Y'),
(5, 19, 30, 10, 'Y'),
(5, 20, 30, 10, 'Y');
